id,system_type,nameplate_hp,nameplate_kW,Ph,RLA,V,Amps,hp,MLF,Eff,PF,calc_kw,VSD_speed,percent_on,assigned_schedule,scheduled_hours_per_day,jan_operating_hrs,feb_operating_hrs,mar_operating_hrs,apr_operating_hrs,may_operating_hrs,jun_operating_hrs,jul_operating_hrs,aug_operating_hrs,sep_operating_hrs,octob_operating_hrs,nov_operating_hrs,dec_operating_hrs,jan_operating_kWh,feb_operating_kWh,mar_operating_kWh,apr_operating_kWh,may_operating_kWh,jun_operating_kWh,jul_operating_kWh,aug_operating_kWh,sep_operating_kWh,octob_operating_kWh,nov_operating_kWh,dec_operating_kWh,annual_hours,annual_kwh
1,ELECTRIC HEATING,,,,,,,0.0,,,0.7,2.0,,0.5,ALL DAY,24.0,372.0,336.0,372.0,360.0,372.0,360.0,372.0,372.0,360.0,372.0,360.0,372.0,744.0,672.0,744.0,720.0,744.0,720.0,744.0,744.0,720.0,744.0,720.0,744.0,4380.0,8760.0
2,AC SYSTEM,,,3.0,16.0,167.0,,6.20380664587673,0.75,0.87,0.758,2.63104060232297,,0.2,ALL DAY,24.0,148.8,134.4,74.4,129.6,148.8,144.0,133.92,104.16,72.0,44.64,28.8,104.16,391.498841625657,353.611856952207,195.749420812829,340.982862061057,391.498841625657,378.869846734507,352.348957463092,274.04918913796,189.434923367254,117.449652487697,75.7739693469015,274.04918913796,1267.68,3335.31755075278
3,VENTILATION,30.0,30.0,,,,,0.0833333333333333,0.75,0.75,0.7,0.0621666666666667,,5.0,24/7,24.0,744.0,672.0,744.0,720.0,744.0,720.0,1000.0,744.0,720.0,744.0,720.0,744.0,46.252,41.776,46.252,44.76,46.252,44.76,46.252,46.252,44.76,46.252,44.76,46.252,8760.0,544.58
